Query,Precision,Recall,F1-Score,P@10,NDCG
business,0.0,0.0,0,0.0,0.0
user,0.0,0.0,0,0.0,0.0
war,0.01,0.1,0.01818181818181818,0.1,0.13886244387355454
war,0.01,0.1,0.01818181818181818,0.1,0.13886244387355454
war,0.01,0.1,0.01818181818181818,0.1,0.13886244387355454
war,0.01,0.1,0.01818181818181818,0.1,0.13886244387355454
war,0.01,0.1,0.01818181818181818,0.1,0.13886244387355454
